jitter_scale,PD_prob
0.8,0.9010322610420839
0.9,0.9011766387711057
1.0,0.901175568129181
1.1,0.9010289244968918
1.2,0.9007362346912781
